Path;SteerAngle;Throttle;Brake;Speed;X_Position;Y_Position;Pitch;Yaw;Roll
C:\Users\The Commander\Documents\GitHub\RoboND-Rover-Project\imgfolder\IMG\robocam_2017_05_31_18_59_30_382.jpg;0;0;1;0;99.66999;85.58897;0.000235455;53.17919;-2.949008E-06
C:\Users\The Commander\Documents\GitHub\RoboND-Rover-Project\imgfolder\IMG\robocam_2017_05_31_18_59_30_388.jpg;0;0;0;0;99.66999;85.58897;0.000235455;53.17919;-2.949008E-06
C:\Users\The Commander\Documents\GitHub\RoboND-Rover-Project\imgfolder\IMG\robocam_2017_05_31_18_59_30_441.jpg;0;0;0;0;99.66999;85.58897;0.000235455;53.17919;-2.949008E-06
C:\Users\The Commander\Documents\GitHub\RoboND-Rover-Project\imgfolder\IMG\robocam_2017_05_31_18_59_30_491.jpg;0;0;0;0;99.66999;85.58897;0.0002352525;53.17919;-3.016419E-06
C:\Users\The Commander\Documents\GitHub\RoboND-Rover-Project\imgfolder\IMG\robocam_2017_05_31_18_59_30_541.jpg;0;0;0;0;99.66999;85.58897;0.0002352188;53.17919;-2.915162E-06
C:\Users\The Commander\Documents\GitHub\RoboND-Rover-Project\imgfolder\IMG\robocam_2017_05_31_18_59_30_591.jpg;0;0;0;0;99.66999;85.58897;0.0002348644;53.17919;-2.864381E-06
C:\Users\The Commander\Documents\GitHub\RoboND-Rover-Project\imgfolder\IMG\robocam_2017_05_31_18_59_30_641.jpg;0;0;0;0;99.66999;85.58897;0.0002348139;53.17919;-2.712493E-06
C:\Users\The Commander\Documents\GitHub\RoboND-Rover-Project\imgfolder\IMG\robocam_2017_05_31_18_59_30_691.jpg;0;0;0;0;99.66999;85.58897;0.0002344595;53.17919;-2.661724E-06
C:\Users\The Commander\Documents\GitHub\RoboND-Rover-Project\imgfolder\IMG\robocam_2017_05_31_18_59_30_741.jpg;0;0;0;0;99.66999;85.58897;0.0002342909;53.17919;-2.492907E-06
C:\Users\The Commander\Documents\GitHub\RoboND-Rover-Project\imgfolder\IMG\robocam_2017_05_31_18_59_30_791.jpg;0;0;0;0;99.66999;85.58897;0.0002339365;53.17919;-2.442132E-06
C:\Users\The Commander\Documents\GitHub\RoboND-Rover-Project\imgfolder\IMG\robocam_2017_05_31_18_59_30_841.jpg;0;0;0;0;99.66999;85.58897;0.0002337003;53.17919;-2.408286E-06
C:\Users\The Commander\Documents\GitHub\RoboND-Rover-Project\imgfolder\IMG\robocam_2017_05_31_18_59_30_891.jpg;0;0;0;0;99.66999;85.58897;0.000233498;53.17919;-2.138206E-06
C:\Users\The Commander\Documents\GitHub\RoboND-Rover-Project\imgfolder\IMG\robocam_2017_05_31_18_59_30_941.jpg;0;0;0;0;99.66999;85.58897;0.000233228;53.17919;-2.003097E-06
C:\Users\The Commander\Documents\GitHub\RoboND-Rover-Project\imgfolder\IMG\robocam_2017_05_31_18_59_31_017.jpg;0;0;0;0;99.66999;85.58897;0.0002326882;53.17919;-1.732886E-06
C:\Users\The Commander\Documents\GitHub\RoboND-Rover-Project\imgfolder\IMG\robocam_2017_05_31_18_59_31_058.jpg;0;0;0;0;99.66999;85.58897;0.0002324182;53.17919;-1.597777E-06
C:\Users\The Commander\Documents\GitHub\RoboND-Rover-Project\imgfolder\IMG\robocam_2017_05_31_18_59_31_108.jpg;0;0;0;0;99.66999;85.58897;0.0002320133;53.17919;-1.395108E-06
C:\Users\The Commander\Documents\GitHub\RoboND-Rover-Project\imgfolder\IMG\robocam_2017_05_31_18_59_31_158.jpg;0;0;0;0;99.66999;85.58897;0.0002317434;53.17919;-1.259999E-06
C:\Users\The Commander\Documents\GitHub\RoboND-Rover-Project\imgfolder\IMG\robocam_2017_05_31_18_59_31_208.jpg;0;0;0;0;99.66999;85.58897;0.0002313385;53.17919;-1.057336E-06
C:\Users\The Commander\Documents\GitHub\RoboND-Rover-Project\imgfolder\IMG\robocam_2017_05_31_18_59_31_258.jpg;0;0;0;0;99.66999;85.58897;0.0002310686;53.17919;-9.222269E-07
C:\Users\The Commander\Documents\GitHub\RoboND-Rover-Project\imgfolder\IMG\robocam_2017_05_31_18_59_31_308.jpg;0;0;0;0;99.66999;85.58897;0.000230765;53.17919;-6.858616E-07
C:\Users\The Commander\Documents\GitHub\RoboND-Rover-Project\imgfolder\IMG\robocam_2017_05_31_18_59_31_358.jpg;0;0;0;0;99.66999;85.58897;0.0002306976;53.17919;-4.833418E-07
C:\Users\The Commander\Documents\GitHub\RoboND-Rover-Project\imgfolder\IMG\robocam_2017_05_31_18_59_31_407.jpg;0;0;0;0;99.66999;85.58897;0.0002306301;53.17919;-2.808219E-07
C:\Users\The Commander\Documents\GitHub\RoboND-Rover-Project\imgfolder\IMG\robocam_2017_05_31_18_59_31_458.jpg;0;0;0;0;99.66999;85.58897;0.0002307482;53.17919;-2.977447E-07
C:\Users\The Commander\Documents\GitHub\RoboND-Rover-Project\imgfolder\IMG\robocam_2017_05_31_18_59_31_507.jpg;0;0;0;0;99.66999;85.58897;0.0002306977;53.17919;-1.458565E-07
C:\Users\The Commander\Documents\GitHub\RoboND-Rover-Project\imgfolder\IMG\robocam_2017_05_31_18_59_31_557.jpg;0;0;0;0;99.66999;85.58897;0.000230664;53.17919;-4.459331E-08
C:\Users\The Commander\Documents\GitHub\RoboND-Rover-Project\imgfolder\IMG\robocam_2017_05_31_18_59_31_607.jpg;0;0;0;0;99.66999;85.58897;0.0002307652;53.17919;-1.089103E-08
C:\Users\The Commander\Documents\GitHub\RoboND-Rover-Project\imgfolder\IMG\robocam_2017_05_31_18_59_31_658.jpg;0;0;0;0;99.66999;85.58897;0.0002307484;53.17919;3.974055E-08
C:\Users\The Commander\Documents\GitHub\RoboND-Rover-Project\imgfolder\IMG\robocam_2017_05_31_18_59_31_708.jpg;0;0;0;0;99.66999;85.58897;0.0002307484;53.17919;3.974055E-08
C:\Users\The Commander\Documents\GitHub\RoboND-Rover-Project\imgfolder\IMG\robocam_2017_05_31_18_59_31_758.jpg;0;0;0;0;99.66999;85.58897;0.0002308496;53.17919;7.344283E-08
C:\Users\The Commander\Documents\GitHub\RoboND-Rover-Project\imgfolder\IMG\robocam_2017_05_31_18_59_31_807.jpg;0;0;0;0;99.66999;85.58897;0.0002311534;53.17919;1.745627E-07
C:\Users\The Commander\Documents\GitHub\RoboND-Rover-Project\imgfolder\IMG\robocam_2017_05_31_18_59_31_858.jpg;0;0;0;0;99.66999;85.58897;0.0002313559;53.17919;2.419672E-07
C:\Users\The Commander\Documents\GitHub\RoboND-Rover-Project\imgfolder\IMG\robocam_2017_05_31_18_59_31_908.jpg;0;0;0;0;99.66999;85.58897;0.0002316597;53.17919;3.430871E-07
C:\Users\The Commander\Documents\GitHub\RoboND-Rover-Project\imgfolder\IMG\robocam_2017_05_31_18_59_31_957.jpg;0;0;0;0;99.66999;85.58897;0.0002318959;53.17919;3.09235E-07
C:\Users\The Commander\Documents\GitHub\RoboND-Rover-Project\imgfolder\IMG\robocam_2017_05_31_18_59_32_017.jpg;0;0;0;0;99.66999;85.58897;0.0002322503;53.17919;2.584601E-07
C:\Users\The Commander\Documents\GitHub\RoboND-Rover-Project\imgfolder\IMG\robocam_2017_05_31_18_59_32_058.jpg;0;0;0;0;99.66999;85.58897;0.0002324865;53.17919;2.246145E-07
C:\Users\The Commander\Documents\GitHub\RoboND-Rover-Project\imgfolder\IMG\robocam_2017_05_31_18_59_32_108.jpg;0;0;0;0;99.66999;85.58897;0.0002328408;53.17919;1.738331E-07
C:\Users\The Commander\Documents\GitHub\RoboND-Rover-Project\imgfolder\IMG\robocam_2017_05_31_18_59_32_158.jpg;0;0;0;0;99.66999;85.58897;0.0002330771;53.17919;1.399876E-07
C:\Users\The Commander\Documents\GitHub\RoboND-Rover-Project\imgfolder\IMG\robocam_2017_05_31_18_59_32_208.jpg;0;0;0;0;99.66999;85.58897;0.0002334314;53.17919;8.921268E-08
C:\Users\The Commander\Documents\GitHub\RoboND-Rover-Project\imgfolder\IMG\robocam_2017_05_31_18_59_32_258.jpg;0;0;0;0;99.66999;85.58897;0.0002336676;53.17919;5.536058E-08
C:\Users\The Commander\Documents\GitHub\RoboND-Rover-Project\imgfolder\IMG\robocam_2017_05_31_18_59_32_308.jpg;0;0;0;0;99.66999;85.58897;0.000234022;53.17919;4.585698E-09
C:\Users\The Commander\Documents\GitHub\RoboND-Rover-Project\imgfolder\IMG\robocam_2017_05_31_18_59_32_358.jpg;0;0;0;0;99.66999;85.58897;0.0002342582;53.17919;-2.925988E-08
C:\Users\The Commander\Documents\GitHub\RoboND-Rover-Project\imgfolder\IMG\robocam_2017_05_31_18_59_32_407.jpg;0;0;0;0;99.66999;85.58897;0.0002346125;53.17919;-8.003477E-08
C:\Users\The Commander\Documents\GitHub\RoboND-Rover-Project\imgfolder\IMG\robocam_2017_05_31_18_59_32_458.jpg;0;0;0;0;99.66999;85.58897;0.0002347475;53.17919;-1.475891E-07
C:\Users\The Commander\Documents\GitHub\RoboND-Rover-Project\imgfolder\IMG\robocam_2017_05_31_18_59_32_507.jpg;0;0;0;0;99.66999;85.58897;0.000234798;53.17919;-2.994774E-07
C:\Users\The Commander\Documents\GitHub\RoboND-Rover-Project\imgfolder\IMG\robocam_2017_05_31_18_59_32_558.jpg;0;0.1011579;0;0;99.67023;85.58929;0.009987935;53.1789;-2.811867E-07
C:\Users\The Commander\Documents\GitHub\RoboND-Rover-Project\imgfolder\IMG\robocam_2017_05_31_18_59_32_608.jpg;0;0;0.2512859;0.04999002;99.67096;85.59028;0.03539195;53.18306;2.611681E-05
C:\Users\The Commander\Documents\GitHub\RoboND-Rover-Project\imgfolder\IMG\robocam_2017_05_31_18_59_32_658.jpg;0;0;0.4018401;0;99.67097;85.59028;0.03320991;53.18307;3.279192E-05
C:\Users\The Commander\Documents\GitHub\RoboND-Rover-Project\imgfolder\IMG\robocam_2017_05_31_18_59_32_707.jpg;0;0;0.5507404;0;99.67098;85.59027;0.0296192;53.18307;4.185742E-05
C:\Users\The Commander\Documents\GitHub\RoboND-Rover-Project\imgfolder\IMG\robocam_2017_05_31_18_59_32_758.jpg;0;0;0.7007651;0;99.67098;85.59027;0.02705097;53.18307;4.738111E-05
C:\Users\The Commander\Documents\GitHub\RoboND-Rover-Project\imgfolder\IMG\robocam_2017_05_31_18_59_32_807.jpg;0;0;0.8508337;0;99.67098;85.59027;0.02300872;53.18307;5.322954E-05
C:\Users\The Commander\Documents\GitHub\RoboND-Rover-Project\imgfolder\IMG\robocam_2017_05_31_18_59_32_857.jpg;0;0;1;0;99.67099;85.59028;0.02022813;53.18307;5.674176E-05
C:\Users\The Commander\Documents\GitHub\RoboND-Rover-Project\imgfolder\IMG\robocam_2017_05_31_18_59_32_907.jpg;0;0;1;0;99.67099;85.59029;0.01599711;53.18307;5.99951E-05
C:\Users\The Commander\Documents\GitHub\RoboND-Rover-Project\imgfolder\IMG\robocam_2017_05_31_18_59_32_958.jpg;0;0;1;0;99.67099;85.59029;0.01317404;53.18306;6.134955E-05
C:\Users\The Commander\Documents\GitHub\RoboND-Rover-Project\imgfolder\IMG\robocam_2017_05_31_18_59_33_008.jpg;0;0;1;0;99.67099;85.59031;0.008996051;53.18307;6.240176E-05
C:\Users\The Commander\Documents\GitHub\RoboND-Rover-Project\imgfolder\IMG\robocam_2017_05_31_18_59_33_057.jpg;0;0;1;0;99.67099;85.59032;0.006281498;53.18307;6.213684E-05
C:\Users\The Commander\Documents\GitHub\RoboND-Rover-Project\imgfolder\IMG\robocam_2017_05_31_18_59_33_108.jpg;0;0;1;0;99.671;85.5903;0.002367342;53.18307;6.062042E-05
C:\Users\The Commander\Documents\GitHub\RoboND-Rover-Project\imgfolder\IMG\robocam_2017_05_31_18_59_33_158.jpg;0;0;1;0;99.67101;85.5903;-0.0001104501;53.18307;5.935183E-05
C:\Users\The Commander\Documents\GitHub\RoboND-Rover-Project\imgfolder\IMG\robocam_2017_05_31_18_59_33_208.jpg;0;0;1;0;99.67101;85.5903;-0.003589068;53.18307;5.640252E-05
C:\Users\The Commander\Documents\GitHub\RoboND-Rover-Project\imgfolder\IMG\robocam_2017_05_31_18_59_33_257.jpg;0;0;1;0;99.67101;85.5903;-0.005729208;53.18307;5.413469E-05
C:\Users\The Commander\Documents\GitHub\RoboND-Rover-Project\imgfolder\IMG\robocam_2017_05_31_18_59_33_308.jpg;0;0;1;0;99.67101;85.5903;359.9914;53.18307;4.976003E-05
C:\Users\The Commander\Documents\GitHub\RoboND-Rover-Project\imgfolder\IMG\robocam_2017_05_31_18_59_33_357.jpg;0;0;1;0;99.67101;85.59031;359.9896;53.18307;4.667844E-05
C:\Users\The Commander\Documents\GitHub\RoboND-Rover-Project\imgfolder\IMG\robocam_2017_05_31_18_59_33_407.jpg;0;0;1;0;99.67101;85.59031;359.9874;53.18307;4.083981E-05
C:\Users\The Commander\Documents\GitHub\RoboND-Rover-Project\imgfolder\IMG\robocam_2017_05_31_18_59_33_458.jpg;0;0;1;0;99.67101;85.59031;359.9861;53.18307;3.738219E-05
C:\Users\The Commander\Documents\GitHub\RoboND-Rover-Project\imgfolder\IMG\robocam_2017_05_31_18_59_33_508.jpg;0;0;1;0;99.67101;85.59031;359.9845;53.18307;3.191729E-05
C:\Users\The Commander\Documents\GitHub\RoboND-Rover-Project\imgfolder\IMG\robocam_2017_05_31_18_59_33_557.jpg;0;0;1;0;99.67102;85.59031;359.9837;53.18307;2.816119E-05
C:\Users\The Commander\Documents\GitHub\RoboND-Rover-Project\imgfolder\IMG\robocam_2017_05_31_18_59_33_607.jpg;0;0;1;0;99.67101;85.59032;359.9828;53.18307;2.20051E-05
C:\Users\The Commander\Documents\GitHub\RoboND-Rover-Project\imgfolder\IMG\robocam_2017_05_31_18_59_33_658.jpg;0;0;1;0;99.67101;85.59031;359.9824;53.18307;1.817604E-05
C:\Users\The Commander\Documents\GitHub\RoboND-Rover-Project\imgfolder\IMG\robocam_2017_05_31_18_59_33_707.jpg;0;0;1;0;99.67101;85.5903;359.9822;53.18307;1.227424E-05
C:\Users\The Commander\Documents\GitHub\RoboND-Rover-Project\imgfolder\IMG\robocam_2017_05_31_18_59_33_758.jpg;0;0;1;0;99.67101;85.59031;359.9823;53.18307;8.185054E-06
C:\Users\The Commander\Documents\GitHub\RoboND-Rover-Project\imgfolder\IMG\robocam_2017_05_31_18_59_33_808.jpg;0;0;1;0;99.67101;85.59031;359.9826;53.18307;2.568825E-06
C:\Users\The Commander\Documents\GitHub\RoboND-Rover-Project\imgfolder\IMG\robocam_2017_05_31_18_59_33_857.jpg;0;0;0;0;99.67101;85.59032;359.983;53.18307;-8.458528E-07
C:\Users\The Commander\Documents\GitHub\RoboND-Rover-Project\imgfolder\IMG\robocam_2017_05_31_18_59_33_907.jpg;0;0;0;0;99.67102;85.59031;359.9839;53.18308;-5.62957E-06
C:\Users\The Commander\Documents\GitHub\RoboND-Rover-Project\imgfolder\IMG\robocam_2017_05_31_18_59_33_957.jpg;0;0.05341218;0;0;99.67112;85.59044;359.9885;53.18308;-8.684479E-06
C:\Users\The Commander\Documents\GitHub\RoboND-Rover-Project\imgfolder\IMG\robocam_2017_05_31_18_59_34_008.jpg;0;0.2013182;0;0.01522063;99.67167;85.59116;0.01061469;53.17964;-1.730517E-05
C:\Users\The Commander\Documents\GitHub\RoboND-Rover-Project\imgfolder\IMG\robocam_2017_05_31_18_59_34_058.jpg;0;0.3509605;0;0;99.67213;85.59178;0.02712721;53.26811;-6.271068E-05
C:\Users\The Commander\Documents\GitHub\RoboND-Rover-Project\imgfolder\IMG\robocam_2017_05_31_18_59_34_108.jpg;0;0.5018096;0;0.03271224;99.67377;85.59398;0.08461428;53.38144;-0.0002247445
C:\Users\The Commander\Documents\GitHub\RoboND-Rover-Project\imgfolder\IMG\robocam_2017_05_31_18_59_34_158.jpg;-2.008404;0.6521073;0;0.05927221;99.676;85.59689;0.1603367;53.34144;-0.001367314
C:\Users\The Commander\Documents\GitHub\RoboND-Rover-Project\imgfolder\IMG\robocam_2017_05_31_18_59_34_207.jpg;-4.998905;0.8016323;0;0.07889566;99.68056;85.60256;0.3019804;53.15239;359.9938
C:\Users\The Commander\Documents\GitHub\RoboND-Rover-Project\imgfolder\IMG\robocam_2017_05_31_18_59_34_257.jpg;-7.996477;0.951511;0;0.1006502;99.68479;85.60767;0.4224473;53.1452;359.9906
C:\Users\The Commander\Documents\GitHub\RoboND-Rover-Project\imgfolder\IMG\robocam_2017_05_31_18_59_34_307.jpg;-10.00464;1;0;0.1517321;99.69341;85.61758;0.6356816;52.9042;-0.001803414
C:\Users\The Commander\Documents\GitHub\RoboND-Rover-Project\imgfolder\IMG\robocam_2017_05_31_18_59_34_358.jpg;-7.017584;1;0;0.1788689;99.70045;85.62561;0.7941783;52.71289;0.001034713
C:\Users\The Commander\Documents\GitHub\RoboND-Rover-Project\imgfolder\IMG\robocam_2017_05_31_18_59_34_408.jpg;-4.017422;1;0;0.2407521;99.71291;85.64048;1.059831;52.60167;-0.000555368
C:\Users\The Commander\Documents\GitHub\RoboND-Rover-Project\imgfolder\IMG\robocam_2017_05_31_18_59_34_457.jpg;-0.9941918;1;0;0.282397;99.72194;85.65182;1.233658;52.67241;-0.001726597
C:\Users\The Commander\Documents\GitHub\RoboND-Rover-Project\imgfolder\IMG\robocam_2017_05_31_18_59_34_508.jpg;0;1;0;0.3070847;99.73479;85.66768;1.308769;52.79154;-0.004863055
C:\Users\The Commander\Documents\GitHub\RoboND-Rover-Project\imgfolder\IMG\robocam_2017_05_31_18_59_34_557.jpg;0;1;0;0.3478041;99.74308;85.67834;1.23588;52.74873;0.000112751
C:\Users\The Commander\Documents\GitHub\RoboND-Rover-Project\imgfolder\IMG\robocam_2017_05_31_18_59_34_607.jpg;0;1;0;0.4188263;99.75744;85.69706;1.142007;52.7697;-0.001012883
C:\Users\The Commander\Documents\GitHub\RoboND-Rover-Project\imgfolder\IMG\robocam_2017_05_31_18_59_34_658.jpg;0;1;0;0.4501866;99.76848;85.71151;1.120642;52.80307;-5.777417E-05
C:\Users\The Commander\Documents\GitHub\RoboND-Rover-Project\imgfolder\IMG\robocam_2017_05_31_18_59_34_707.jpg;0;1;0;0.5095199;99.78728;85.73611;1.145796;52.84961;-0.0003687972
C:\Users\The Commander\Documents\GitHub\RoboND-Rover-Project\imgfolder\IMG\robocam_2017_05_31_18_59_34_757.jpg;0;1;0;0.5300462;99.80086;85.7539;1.181369;52.84317;-0.0001891778
C:\Users\The Commander\Documents\GitHub\RoboND-Rover-Project\imgfolder\IMG\robocam_2017_05_31_18_59_34_807.jpg;0;1;0;0.5820697;99.82246;85.78222;1.225104;52.7994;-0.0004656532
C:\Users\The Commander\Documents\GitHub\RoboND-Rover-Project\imgfolder\IMG\robocam_2017_05_31_18_59_34_857.jpg;0;1;0;0.6121728;99.83785;85.80228;1.243084;52.69372;0.0002905115
C:\Users\The Commander\Documents\GitHub\RoboND-Rover-Project\imgfolder\IMG\robocam_2017_05_31_18_59_34_908.jpg;0;1;0;0.6732438;99.86178;85.83337;1.215824;52.54722;-7.840474E-05
C:\Users\The Commander\Documents\GitHub\RoboND-Rover-Project\imgfolder\IMG\robocam_2017_05_31_18_59_34_957.jpg;0;1;0;0.7026696;99.87876;85.85543;1.192822;52.53905;-0.0007627184
C:\Users\The Commander\Documents\GitHub\RoboND-Rover-Project\imgfolder\IMG\robocam_2017_05_31_18_59_35_007.jpg;0;1;0;0.7502409;99.90621;85.89107;1.19574;52.57335;-0.0005025553
C:\Users\The Commander\Documents\GitHub\RoboND-Rover-Project\imgfolder\IMG\robocam_2017_05_31_18_59_35_071.jpg;0;1;0;0.7784982;99.93552;85.92893;1.202763;52.58519;-0.0007989346
C:\Users\The Commander\Documents\GitHub\RoboND-Rover-Project\imgfolder\IMG\robocam_2017_05_31_18_59_35_124.jpg;0;1;0;0.8355405;99.95622;85.95578;1.212598;52.55063;6.586203E-05
C:\Users\The Commander\Documents\GitHub\RoboND-Rover-Project\imgfolder\IMG\robocam_2017_05_31_18_59_35_171.jpg;0;1;0;0.8882328;99.98894;85.99819;1.227398;52.54521;-0.001053692
C:\Users\The Commander\Documents\GitHub\RoboND-Rover-Project\imgfolder\IMG\robocam_2017_05_31_18_59_35_238.jpg;0;1;0;0.9195718;100.0233;86.04266;1.226142;52.53535;-0.0007499451
C:\Users\The Commander\Documents\GitHub\RoboND-Rover-Project\imgfolder\IMG\robocam_2017_05_31_18_59_35_288.jpg;0;1;0;0.9854241;100.0593;86.08932;1.21469;52.54414;-0.001024972
C:\Users\The Commander\Documents\GitHub\RoboND-Rover-Project\imgfolder\IMG\robocam_2017_05_31_18_59_35_338.jpg;0;1;0;1.012677;100.0842;86.1216;1.21005;52.54775;-0.000389461
C:\Users\The Commander\Documents\GitHub\RoboND-Rover-Project\imgfolder\IMG\robocam_2017_05_31_18_59_35_402.jpg;0;1;0;1.065722;100.1234;86.17224;1.225658;52.52316;-0.0008000888
C:\Users\The Commander\Documents\GitHub\RoboND-Rover-Project\imgfolder\IMG\robocam_2017_05_31_18_59_35_454.jpg;0;1;0;1.111087;100.1643;86.22524;1.237459;52.51693;-0.0009096144
C:\Users\The Commander\Documents\GitHub\RoboND-Rover-Project\imgfolder\IMG\robocam_2017_05_31_18_59_35_504.jpg;0;1;0;1.156659;100.1924;86.26157;1.232899;52.50489;-0.0008020392
C:\Users\The Commander\Documents\GitHub\RoboND-Rover-Project\imgfolder\IMG\robocam_2017_05_31_18_59_35_570.jpg;0;1;0;1.189546;100.2509;86.33727;1.230882;52.46527;-0.0005081125
C:\Users\The Commander\Documents\GitHub\RoboND-Rover-Project\imgfolder\IMG\robocam_2017_05_31_18_59_35_621.jpg;0;1;0;1.236575;100.2815;86.37672;1.237666;52.45787;-0.0008770301
C:\Users\The Commander\Documents\GitHub\RoboND-Rover-Project\imgfolder\IMG\robocam_2017_05_31_18_59_35_670.jpg;0;1;0;1.264337;100.3284;86.43737;1.230858;52.4506;-0.0009076641
C:\Users\The Commander\Documents\GitHub\RoboND-Rover-Project\imgfolder\IMG\robocam_2017_05_31_18_59_35_721.jpg;0;1;0;1.317996;100.361;86.47939;1.24038;52.44489;-0.0008352129
C:\Users\The Commander\Documents\GitHub\RoboND-Rover-Project\imgfolder\IMG\robocam_2017_05_31_18_59_35_773.jpg;0;1;0;1.344759;100.411;86.54398;1.241873;52.42715;-0.0007416232
C:\Users\The Commander\Documents\GitHub\RoboND-Rover-Project\imgfolder\IMG\robocam_2017_05_31_18_59_35_821.jpg;0;1;0;1.391968;100.4454;86.58823;1.24052;52.41753;-0.0008909615
C:\Users\The Commander\Documents\GitHub\RoboND-Rover-Project\imgfolder\IMG\robocam_2017_05_31_18_59_35_869.jpg;0;1;0;1.424588;100.4984;86.6566;1.247621;52.3989;-0.0009251497
C:\Users\The Commander\Documents\GitHub\RoboND-Rover-Project\imgfolder\IMG\robocam_2017_05_31_18_59_35_921.jpg;0;1;0;1.470248;100.5347;86.70338;1.250712;52.38957;-0.0009022802
C:\Users\The Commander\Documents\GitHub\RoboND-Rover-Project\imgfolder\IMG\robocam_2017_05_31_18_59_35_970.jpg;0;1;0;1.501746;100.5906;86.77536;1.252751;52.37811;-0.0009203211
C:\Users\The Commander\Documents\GitHub\RoboND-Rover-Project\imgfolder\IMG\robocam_2017_05_31_18_59_36_024.jpg;0;1;0;1.564827;100.6289;86.82458;1.254961;52.37006;-0.0009436196
C:\Users\The Commander\Documents\GitHub\RoboND-Rover-Project\imgfolder\IMG\robocam_2017_05_31_18_59_36_074.jpg;0;1;0;1.595732;100.6877;86.90025;1.258205;52.36;-0.0009789275
C:\Users\The Commander\Documents\GitHub\RoboND-Rover-Project\imgfolder\IMG\robocam_2017_05_31_18_59_36_124.jpg;0;1;0;1.641207;100.7278;86.9519;1.261417;52.35247;-0.0009888293
C:\Users\The Commander\Documents\GitHub\RoboND-Rover-Project\imgfolder\IMG\robocam_2017_05_31_18_59_36_174.jpg;0;1;0;1.671989;100.7895;87.03123;1.267051;52.34018;-0.0009886182
C:\Users\The Commander\Documents\GitHub\RoboND-Rover-Project\imgfolder\IMG\robocam_2017_05_31_18_59_36_224.jpg;0;1;0;1.718776;100.8316;87.0853;1.269503;52.3329;-0.001007086
C:\Users\The Commander\Documents\GitHub\RoboND-Rover-Project\imgfolder\IMG\robocam_2017_05_31_18_59_36_274.jpg;0;1;0;1.749372;100.8961;87.16823;1.274677;52.32144;-0.001033615
C:\Users\The Commander\Documents\GitHub\RoboND-Rover-Project\imgfolder\IMG\robocam_2017_05_31_18_59_36_324.jpg;0;1;0;1.79503;100.9401;87.22471;1.27802;52.31464;-0.001041062
C:\Users\The Commander\Documents\GitHub\RoboND-Rover-Project\imgfolder\IMG\robocam_2017_05_31_18_59_36_374.jpg;0;1;0;1.825479;101.0074;87.31115;1.279149;52.30494;-0.001064094
C:\Users\The Commander\Documents\GitHub\RoboND-Rover-Project\imgfolder\IMG\robocam_2017_05_31_18_59_36_423.jpg;-0.9918804;1;0;1.870869;101.0533;87.37002;1.282803;52.29598;-0.00107026
C:\Users\The Commander\Documents\GitHub\RoboND-Rover-Project\imgfolder\IMG\robocam_2017_05_31_18_59_36_474.jpg;-3.999498;1;0;1.900714;101.1244;87.4592;1.281445;52.05865;-3.650795E-05
C:\Users\The Commander\Documents\GitHub\RoboND-Rover-Project\imgfolder\IMG\robocam_2017_05_31_18_59_36_524.jpg;-6.990943;1;0;1.944553;101.1736;87.51907;1.281022;51.70724;0.001565065
C:\Users\The Commander\Documents\GitHub\RoboND-Rover-Project\imgfolder\IMG\robocam_2017_05_31_18_59_36_574.jpg;-9.993205;1;0;1.97213;101.2511;87.60856;1.279093;50.78873;359.9877
C:\Users\The Commander\Documents\GitHub\RoboND-Rover-Project\imgfolder\IMG\robocam_2017_05_31_18_59_36_623.jpg;-11.9919;1;0;2.012588;101.3052;87.66765;1.268331;49.95004;359.9571
C:\Users\The Commander\Documents\GitHub\RoboND-Rover-Project\imgfolder\IMG\robocam_2017_05_31_18_59_36_674.jpg;-15;1;0;2.039437;101.39;87.75465;1.211562;48.37123;359.891
C:\Users\The Commander\Documents\GitHub\RoboND-Rover-Project\imgfolder\IMG\robocam_2017_05_31_18_59_36_723.jpg;-15;1;0;2.080212;101.4488;87.81155;1.148313;47.18011;359.8344
C:\Users\The Commander\Documents\GitHub\RoboND-Rover-Project\imgfolder\IMG\robocam_2017_05_31_18_59_36_774.jpg;-15;1;0;2.108304;101.5405;87.89562;1.024435;45.34576;359.74
C:\Users\The Commander\Documents\GitHub\RoboND-Rover-Project\imgfolder\IMG\robocam_2017_05_31_18_59_36_823.jpg;-12.00722;1;0;2.1524;101.6037;87.95122;0.9336139;44.17856;359.6743
C:\Users\The Commander\Documents\GitHub\RoboND-Rover-Project\imgfolder\IMG\robocam_2017_05_31_18_59_36_874.jpg;-8.98648;1;0;2.182885;101.7012;88.03557;0.818463;42.76605;359.5885
C:\Users\The Commander\Documents\GitHub\RoboND-Rover-Project\imgfolder\IMG\robocam_2017_05_31_18_59_36_923.jpg;-5.999671;1;0;2.227589;101.7678;88.09261;0.7569799;42.037;359.5454
C:\Users\The Commander\Documents\GitHub\RoboND-Rover-Project\imgfolder\IMG\robocam_2017_05_31_18_59_36_974.jpg;-3.003518;1;0;2.257215;101.8695;88.18027;0.6950561;41.3367;359.519
C:\Users\The Commander\Documents\GitHub\RoboND-Rover-Project\imgfolder\IMG\robocam_2017_05_31_18_59_37_023.jpg;-0.01063697;1;0;2.300853;101.9387;88.24026;0.6854038;41.10352;359.5181
C:\Users\The Commander\Documents\GitHub\RoboND-Rover-Project\imgfolder\IMG\robocam_2017_05_31_18_59_37_074.jpg;0;1;0;2.329002;102.0442;88.33274;0.7162755;41.01665;359.5455
C:\Users\The Commander\Documents\GitHub\RoboND-Rover-Project\imgfolder\IMG\robocam_2017_05_31_18_59_37_123.jpg;3.02169;1;0;2.370928;102.1155;88.39607;0.7639948;41.0853;359.5839
C:\Users\The Commander\Documents\GitHub\RoboND-Rover-Project\imgfolder\IMG\robocam_2017_05_31_18_59_37_174.jpg;5.997698;1;0;2.397662;102.2227;88.495;0.8723462;41.59451;359.7046
C:\Users\The Commander\Documents\GitHub\RoboND-Rover-Project\imgfolder\IMG\robocam_2017_05_31_18_59_37_224.jpg;7.991383;1;0;2.437248;102.2941;88.5636;0.9676962;42.1685;359.8231
C:\Users\The Commander\Documents\GitHub\RoboND-Rover-Project\imgfolder\IMG\robocam_2017_05_31_18_59_37_274.jpg;11.00843;1;0;2.461975;102.4002;88.67063;1.129804;43.40082;0.04475893
C:\Users\The Commander\Documents\GitHub\RoboND-Rover-Project\imgfolder\IMG\robocam_2017_05_31_18_59_37_323.jpg;13.00355;1;0;2.498807;102.4699;88.74406;1.211309;44.44279;0.1850593
C:\Users\The Commander\Documents\GitHub\RoboND-Rover-Project\imgfolder\IMG\robocam_2017_05_31_18_59_37_374.jpg;15;1;0;2.517451;102.5709;88.85592;1.190649;46.34924;0.3403345
C:\Users\The Commander\Documents\GitHub\RoboND-Rover-Project\imgfolder\IMG\robocam_2017_05_31_18_59_37_423.jpg;11.99753;1;0;2.548682;102.6361;88.93132;1.075361;47.65914;0.3975464
C:\Users\The Commander\Documents\GitHub\RoboND-Rover-Project\imgfolder\IMG\robocam_2017_05_31_18_59_37_474.jpg;9.002197;1;0;2.572015;102.7326;89.04625;0.8103887;49.33753;0.4179918
C:\Users\The Commander\Documents\GitHub\RoboND-Rover-Project\imgfolder\IMG\robocam_2017_05_31_18_59_37_523.jpg;6.008249;1;0;2.638386;102.7968;89.12656;0.6756322;50.20048;0.4682285
C:\Users\The Commander\Documents\GitHub\RoboND-Rover-Project\imgfolder\IMG\robocam_2017_05_31_18_59_37_577.jpg;2.920959;1;0;2.666574;102.8948;89.24979;0.5346462;51.00173;0.5399196
C:\Users\The Commander\Documents\GitHub\RoboND-Rover-Project\imgfolder\IMG\robocam_2017_05_31_18_59_37_624.jpg;-0.0152136;1;0;2.707864;102.9616;89.33339;0.4795076;51.26727;0.5700478
C:\Users\The Commander\Documents\GitHub\RoboND-Rover-Project\imgfolder\IMG\robocam_2017_05_31_18_59_37_674.jpg;-3.017826;1;0;2.734709;103.0652;89.46002;0.4512475;51.21528;0.5598302
C:\Users\The Commander\Documents\GitHub\RoboND-Rover-Project\imgfolder\IMG\robocam_2017_05_31_18_59_37_724.jpg;-6.01986;1;0;2.774033;103.1367;89.54498;0.4672021;50.91096;0.5122113
C:\Users\The Commander\Documents\GitHub\RoboND-Rover-Project\imgfolder\IMG\robocam_2017_05_31_18_59_37_774.jpg;-9.045208;1;0;2.798701;103.2487;89.67203;0.5403187;49.97284;0.3563854
C:\Users\The Commander\Documents\GitHub\RoboND-Rover-Project\imgfolder\IMG\robocam_2017_05_31_18_59_37_824.jpg;-7.059697;1;0;2.836498;103.3263;89.7566;0.6218709;49.16213;0.2109447
C:\Users\The Commander\Documents\GitHub\RoboND-Rover-Project\imgfolder\IMG\robocam_2017_05_31_18_59_37_874.jpg;-4.083443;1;0;2.863863;103.4448;89.88513;0.7893409;48.20628;-0.005534045
C:\Users\The Commander\Documents\GitHub\RoboND-Rover-Project\imgfolder\IMG\robocam_2017_05_31_18_59_37_924.jpg;-1.030196;1;0;2.905262;103.5242;89.97225;0.8976047;47.8163;359.8998
C:\Users\The Commander\Documents\GitHub\RoboND-Rover-Project\imgfolder\IMG\robocam_2017_05_31_18_59_37_974.jpg;0;1;0;2.932799;103.6439;90.10525;1.066113;47.61864;359.8079
C:\Users\The Commander\Documents\GitHub\RoboND-Rover-Project\imgfolder\IMG\robocam_2017_05_31_18_59_38_024.jpg;0;1;0;2.972635;103.7241;90.19497;1.163831;47.59858;359.7822
C:\Users\The Commander\Documents\GitHub\RoboND-Rover-Project\imgfolder\IMG\robocam_2017_05_31_18_59_38_074.jpg;0;1;0;2.995769;103.8438;90.3303;1.199252;47.59802;359.8676
C:\Users\The Commander\Documents\GitHub\RoboND-Rover-Project\imgfolder\IMG\robocam_2017_05_31_18_59_38_123.jpg;0;1;0;3.03116;103.9251;90.4211;1.218413;47.58743;359.9299
C:\Users\The Commander\Documents\GitHub\RoboND-Rover-Project\imgfolder\IMG\robocam_2017_05_31_18_59_38_174.jpg;0;1;0;3.071993;104.0495;90.55856;1.274261;47.59349;-0.003151044
C:\Users\The Commander\Documents\GitHub\RoboND-Rover-Project\imgfolder\IMG\robocam_2017_05_31_18_59_38_224.jpg;0;1;0;3.11204;104.134;90.65076;1.321936;47.58471;-0.001425594
C:\Users\The Commander\Documents\GitHub\RoboND-Rover-Project\imgfolder\IMG\robocam_2017_05_31_18_59_38_275.jpg;0;1;0;3.13882;104.2624;90.79045;1.39798;47.56873;-0.001525027
C:\Users\The Commander\Documents\GitHub\RoboND-Rover-Project\imgfolder\IMG\robocam_2017_05_31_18_59_38_324.jpg;0;1;0;3.179078;104.3487;90.8841;1.41804;47.55527;-0.002137383
C:\Users\The Commander\Documents\GitHub\RoboND-Rover-Project\imgfolder\IMG\robocam_2017_05_31_18_59_38_374.jpg;-3.000827;1;0;3.208154;104.4795;91.02478;1.390275;47.38642;-0.0004471354
C:\Users\The Commander\Documents\GitHub\RoboND-Rover-Project\imgfolder\IMG\robocam_2017_05_31_18_59_38_424.jpg;-6.012663;1;0;3.248998;104.5687;91.11874;1.377009;47.07611;0.0007284259
C:\Users\The Commander\Documents\GitHub\RoboND-Rover-Project\imgfolder\IMG\robocam_2017_05_31_18_59_38_474.jpg;-5.983696;1;0;3.273602;104.7057;91.2593;1.363093;46.26085;0.001433144
C:\Users\The Commander\Documents\GitHub\RoboND-Rover-Project\imgfolder\IMG\robocam_2017_05_31_18_59_38_524.jpg;-2.998009;1;0;3.314062;104.7987;91.35345;1.362122;45.73965;-0.003238905
C:\Users\The Commander\Documents\GitHub\RoboND-Rover-Project\imgfolder\IMG\robocam_2017_05_31_18_59_38_574.jpg;0;1;0;3.340772;104.9394;91.49653;1.372835;45.32279;-0.002185914
C:\Users\The Commander\Documents\GitHub\RoboND-Rover-Project\imgfolder\IMG\robocam_2017_05_31_18_59_38_624.jpg;0;1;0;3.379792;105.0342;91.59293;1.381989;45.23222;-0.003068821
C:\Users\The Commander\Documents\GitHub\RoboND-Rover-Project\imgfolder\IMG\robocam_2017_05_31_18_59_38_674.jpg;0;1;0;3.406891;105.178;91.73869;1.396609;45.18259;-0.003136255
C:\Users\The Commander\Documents\GitHub\RoboND-Rover-Project\imgfolder\IMG\robocam_2017_05_31_18_59_38_724.jpg;0;1;0;3.446827;105.2749;91.83651;1.399572;45.16773;-0.00262192
C:\Users\The Commander\Documents\GitHub\RoboND-Rover-Project\imgfolder\IMG\robocam_2017_05_31_18_59_38_774.jpg;0;1;0;3.472704;105.422;91.98444;1.405739;45.15852;-0.002652246
C:\Users\The Commander\Documents\GitHub\RoboND-Rover-Project\imgfolder\IMG\robocam_2017_05_31_18_59_38_823.jpg;0;0.949936;0;3.512868;105.521;92.08385;1.405515;45.15492;-0.002138493
C:\Users\The Commander\Documents\GitHub\RoboND-Rover-Project\imgfolder\IMG\robocam_2017_05_31_18_59_38_874.jpg;0;0.800089;0;3.535628;105.671;92.23405;1.407449;45.14623;-0.001817592
C:\Users\The Commander\Documents\GitHub\RoboND-Rover-Project\imgfolder\IMG\robocam_2017_05_31_18_59_38_924.jpg;0;0.6495392;0;3.562645;105.7717;92.33478;1.409368;45.1379;-0.001589407
C:\Users\The Commander\Documents\GitHub\RoboND-Rover-Project\imgfolder\IMG\robocam_2017_05_31_18_59_38_974.jpg;0;0.4997421;0;3.575104;105.9234;92.4863;1.399354;45.12146;-0.001289209
C:\Users\The Commander\Documents\GitHub\RoboND-Rover-Project\imgfolder\IMG\robocam_2017_05_31_18_59_39_024.jpg;0;0.3490531;0;3.587126;106.0248;92.58737;1.378454;45.10861;-0.001106918
C:\Users\The Commander\Documents\GitHub\RoboND-Rover-Project\imgfolder\IMG\robocam_2017_05_31_18_59_39_074.jpg;0;0.2000217;0;3.589557;106.1767;92.73866;1.316619;45.08745;-0.0008677698
C:\Users\The Commander\Documents\GitHub\RoboND-Rover-Project\imgfolder\IMG\robocam_2017_05_31_18_59_39_144.jpg;0;0.05025426;0;3.586534;106.328;92.88919;1.211721;45.06536;-0.0007237617
C:\Users\The Commander\Documents\GitHub\RoboND-Rover-Project\imgfolder\IMG\robocam_2017_05_31_18_59_39_191.jpg;0;0;0;3.576616;106.4784;93.03872;1.062397;45.04376;-0.000547523
C:\Users\The Commander\Documents\GitHub\RoboND-Rover-Project\imgfolder\IMG\robocam_2017_05_31_18_59_39_241.jpg;0;0;0;3.569032;106.5782;93.13786;0.9424587;45.03004;-0.0003377132
C:\Users\The Commander\Documents\GitHub\RoboND-Rover-Project\imgfolder\IMG\robocam_2017_05_31_18_59_39_291.jpg;0;0;0;3.557618;106.7271;93.28587;0.7406756;45.01063;0.0001055833
C:\Users\The Commander\Documents\GitHub\RoboND-Rover-Project\imgfolder\IMG\robocam_2017_05_31_18_59_39_341.jpg;0;0;0;3.549986;106.826;93.38416;0.5961167;45;0.002803797
C:\Users\The Commander\Documents\GitHub\RoboND-Rover-Project\imgfolder\IMG\robocam_2017_05_31_18_59_39_391.jpg;0;0;0;3.538538;106.9737;93.53115;0.371517;44.98765;0.01247556
C:\Users\The Commander\Documents\GitHub\RoboND-Rover-Project\imgfolder\IMG\robocam_2017_05_31_18_59_39_441.jpg;0;0;0;3.530831;107.0719;93.62889;0.2202389;44.98198;0.02283264
C:\Users\The Commander\Documents\GitHub\RoboND-Rover-Project\imgfolder\IMG\robocam_2017_05_31_18_59_39_491.jpg;0;0;0;3.51916;107.2186;93.77522;-0.003239546;44.9775;0.04433148
C:\Users\The Commander\Documents\GitHub\RoboND-Rover-Project\imgfolder\IMG\robocam_2017_05_31_18_59_39_541.jpg;0;0;0;3.511327;107.3167;93.87265;359.8736;44.96837;0.04134114
C:\Users\The Commander\Documents\GitHub\RoboND-Rover-Project\imgfolder\IMG\robocam_2017_05_31_18_59_39_591.jpg;0;0;0;3.498855;107.4638;94.01863;359.7193;44.94907;0.01167141
C:\Users\The Commander\Documents\GitHub\RoboND-Rover-Project\imgfolder\IMG\robocam_2017_05_31_18_59_39_641.jpg;0;0;0;3.490583;107.5614;94.11591;359.6215;44.94226;-0.00388134
C:\Users\The Commander\Documents\GitHub\RoboND-Rover-Project\imgfolder\IMG\robocam_2017_05_31_18_59_39_691.jpg;0;0;0;3.478171;107.7075;94.26207;359.5059;44.94624;-0.000792825
C:\Users\The Commander\Documents\GitHub\RoboND-Rover-Project\imgfolder\IMG\robocam_2017_05_31_18_59_39_741.jpg;0;0;0;3.470233;107.8049;94.3593;359.4419;44.94706;-0.001702545
C:\Users\The Commander\Documents\GitHub\RoboND-Rover-Project\imgfolder\IMG\robocam_2017_05_31_18_59_39_791.jpg;0;0;0;3.457588;107.9507;94.50488;359.3611;44.94844;-0.0002784276
C:\Users\The Commander\Documents\GitHub\RoboND-Rover-Project\imgfolder\IMG\robocam_2017_05_31_18_59_39_841.jpg;0;0;0;3.449703;108.0477;94.60168;359.3098;44.94876;0.000231683
C:\Users\The Commander\Documents\GitHub\RoboND-Rover-Project\imgfolder\IMG\robocam_2017_05_31_18_59_39_891.jpg;0;0;0;3.436878;108.1933;94.74693;359.2755;44.9481;-0.0008491992
C:\Users\The Commander\Documents\GitHub\RoboND-Rover-Project\imgfolder\IMG\robocam_2017_05_31_18_59_39_940.jpg;0;0;0;3.428972;108.29;94.84348;359.252;44.94822;-9.712503E-06
C:\Users\The Commander\Documents\GitHub\RoboND-Rover-Project\imgfolder\IMG\robocam_2017_05_31_18_59_39_993.jpg;0;0;0;3.417234;108.4347;94.98793;359.2192;44.94827;0.001096027
C:\Users\The Commander\Documents\GitHub\RoboND-Rover-Project\imgfolder\IMG\robocam_2017_05_31_18_59_40_043.jpg;0;0;0;3.408691;108.5313;95.08424;359.2262;44.94653;-0.002414345
C:\Users\The Commander\Documents\GitHub\RoboND-Rover-Project\imgfolder\IMG\robocam_2017_05_31_18_59_40_092.jpg;0;0;0;3.396539;108.6756;95.22829;359.2333;44.94604;-0.003789653
